ImiÄ™,Nazwisko,Klasa
Seumas,Baxill,17
Mack,Waplinton,66
Janetta,McGraith,46
Martita,Bovey,41
Persis,Elias,51
Carine,Golightly,66
Ann-marie,Josipovitz,30
Liane,Glendinning,18
Garland,Kindell,56
Cosetta,Lassey,86
Thomasine,Quelch,28
Maximilian,Pidler,17
Leonard,Letch,70
Tiena,Matteini,15
Krystal,Seman,71
Marcela,Peperell,42
Gerik,Melarkey,72
Rose,Tousy,51
Jordana,Dalzell,93
Silvio,Hanselman,80
Harriett,Twittey,49
Burty,Jessop,14
Isiahi,Mandrake,83
Jammal,Snare,28
Crawford,Davoren,69
Livvie,Doche,61
Elfreda,Lafee,39
Hadleigh,Fishbourn,71
Deanne,Warboys,69
Ailbert,Handasyde,81
Guenna,O'Hengerty,42
Arluene,Figurski,88
Wendall,Guswell,76
Raye,Schreurs,78
Zach,De Filippo,65
Karina,Hailes,43
Orly,Pleasaunce,55
Peter,Klain,82
Peta,Aspland,18
Norbie,Baldree,28
Ethyl,Kneel,47
Lissy,Theml,52
Felipe,Dinneen,33
Abra,Coad,85
Dill,Jales,12
Jackelyn,Broadwell,90
Ines,Rome,90
Laryssa,Maughan,54
Marcela,Loweth,95
Abraham,Errichelli,80
Cristionna,Leyland,11
Humberto,Routham,100
Joice,Lipp,76
Barbe,Kennaird,6
Ignaz,Erett,1
Patience,Tunmore,67
Costa,Murrigan,79
Pedro,Stetson,66
Palm,Cranmore,96
Emilio,Fergie,61
Ericka,O'Heyne,50
Hazel,Mcsarry,85
Mirabella,Le Fleming,67
Ilyse,Kanter,39
Mychal,Guidone,71
Rosie,Tuckerman,22
Erroll,Camlin,56
Chad,Ruprecht,35
Taber,Zincke,4
Katheryn,d'Escoffier,65
Genovera,Augustin,42
Benjy,Cowlard,74
Ralina,Garraway,76
Heather,Desforges,40
Tersina,Cancott,51
Loy,Martinuzzi,6
Dill,Eames,36
Dell,Hardway,52
Erick,Floyd,52
Helenelizabeth,Scoffins,53
Felix,Pudner,95
Nydia,Ritch,99
Sheffie,Bonnick,91
Dominick,Evennett,70
Peirce,Kembley,74
Torrance,Gianettini,74
Bryce,Sutherden,68
Alexandra,McKeney,71
Paul,Grieger,82
Prudi,Torns,11
Madonna,Costelow,75
Brandie,Luparti,96
Ky,Epelett,89
Hester,Peracco,44
Gill,Starbucke,60
Jerrie,Stoter,23
Urbanus,Fancet,13
Michaelina,McBeith,74
Fedora,Sonier,41
Berenice,Sewter,61